671985,others,order,39
602516,others,disorder,33
657331,others,disorder,31.15
74368,others,disorder,28
657329,others,disorder,27
602519,others,disorder,24
82339,others,disorder,23.1
261540,others,disorder,22.9
657328,others,disorder,22.4
196899,others,disorder,20.2
635423,others,disorder,18.2
618377,others,disorder,17.9
291812,others,disorder,17.8
645513,others,disorder,17.7
635621,others,disorder,16.45
618916,others,disorder,16.4
608716,others,disorder,16.2
652507,others,order,16.708333
104022,others,disorder,15.3
192781,others,disorder,14.7
105101,others,disorder,14.7
15143,others,disorder,14.6
619114,others,order,14.85625
57865,others,disorder,13.9
77223,others,disorder,13.2
57864,others,disorder,12.9
671446,others,disorder,12.9
105081,others,disorder,12.75
612206,others,disorder,12.5
602525,others,disorder,12
53035,others,order,11.796667
78872,others,disorder,11.6
91024,others,disorder,11.421667
608026,others,disorder,11.17
650562,others,order,11.165
618498,others,disorder,11.1
104744,others,disorder,11
104229,others,disorder,10.67
628435,others,disorder,10.615
618235,others,disorder,10.3
198760,others,disorder,10.1
154982,others,order,11.872727
77414,others,disorder,9.92
104514,others,disorder,9.8
248787,others,disorder,9.25
638675,others,disorder,8.905
259507,others,disorder,8.86
33819,others,disorder,8.7
58827,others,disorder,8.63
253417,others,disorder,8.6
281412,others,disorder,8.5
657556,others,disorder,8.4
196699,others,disorder,8.3
58829,others,disorder,8.05
84513,others,disorder,8
24282,others,order,7.775
181483,others,disorder,7.7
253810,others,order,7.7
239393,others,disorder,7.666667
23858,others,disorder,7.6
251846,others,disorder,7.5
618304,others,disorder,7.4
53567,others,disorder,7.3
104763,others,order,7.2
650176,others,order,7.05
291700,others,disorder,6.79
105907,others,disorder,6.75
108010,others,disorder,6.7
77553,others,disorder,6.7
650177,others,order,6.6
191387,others,disorder,6.52
105228,others,disorder,6.5
105148,others,disorder,6.45
640204,others,disorder,6.28
653296,others,disorder,6.09
281413,others,disorder,6
638751,others,order,5.815
43994,others,disorder,5.6
638956,others,order,5.6
640569,others,disorder,5.5
638810,others,order,5.203333
104655,others,order,5.343
614832,others,disorder,5.09
186177,others,order,5
166382,others,disorder,5
710023,others,disorder,4.99
239116,others,disorder,4.846
672496,others,order,9.5
640836,others,order,7.9
104724,others,disorder,4.67
192214,others,disorder,4.64
647766,others,order,4.6
53119,others,order,4.575
644439,others,disorder,4.54
44650,others,disorder,4.51
653405,others,order,8.346667
612239,others,order,4.325
109266,others,order,4.3
166381,others,disorder,4.2375
44436,others,disorder,4.14
651263,others,disorder,4.1
153880,others,disorder,4.1
648950,others,order,4.993333
166383,others,disorder,4.05
648506,others,disorder,4.05
26387,others,disorder,4
108126,others,disorder,3.93
151898,others,disorder,3.9
639037,others,disorder,3.81
108164,others,disorder,3.8
618713,others,disorder,3.8
196227,others,order,3.8
656168,others,order,3.76
416365,others,disorder,3.7
650868,others,disorder,3.7
59464,others,disorder,3.675
57906,others,order,3.66
59555,others,disorder,3.64
638584,others,order,3.5
642165,others,disorder,3.5
108135,others,disorder,3.4
41810,others,disorder,3.38
237004,others,disorder,3.32
644273,others,disorder,3.3
610652,others,order,3.2
644115,others,disorder,3.2
671780,others,order,3.1
645279,others,disorder,3.07
612246,others,disorder,3.02
617054,others,disorder,2.94
166390,others,disorder,2.9
153099,others,disorder,2.9
202190,others,disorder,2.891667
645153,others,disorder,2.86
291085,others,disorder,2.8
644325,others,disorder,2.8
615212,others,disorder,2.78
180270,others,order,2.75
41090,others,order,2.75
641028,others,order,2.7
291925,others,disorder,2.68
622571,others,order,2.6
657555,others,disorder,2.5
58796,others,order,2.4625
251015,others,disorder,2.46
620174,others,order,2.4
649158,others,order,2.36
659383,others,order,2.35
644856,others,order,8.95
638749,others,order,2.27
636552,others,order,2.2
104219,others,disorder,2.11
633003,others,disorder,2.1
426417,others,disorder,2.1
625638,others,disorder,2.033333
102839,others,disorder,2.02
76150,others,order,3.94125
657554,others,disorder,1.966667
647817,others,disorder,1.95
44432,others,disorder,1.88
633011,others,disorder,1.85
150654,others,disorder,1.85
41272,others,order,1.8
629112,others,disorder,1.8
24190,others,disorder,1.8
252376,others,order,1.8
58462,others,disorder,1.79
645157,others,disorder,1.78
648371,others,disorder,1.78
58396,others,order,1.775
638828,others,order,1.72
628836,others,disorder,1.625
612699,others,disorder,1.57
44575,others,disorder,1.53
201695,others,order,1.4
44644,others,disorder,1.4
624539,others,disorder,1.37
639830,others,disorder,1.3
281728,others,disorder,1.3
108680,others,disorder,1.29
104822,others,disorder,1.27
611867,others,order,1.2
657497,others,order,1.2
426369,others,disorder,1.2
605669,others,disorder,1.2
649677,others,order,1.19
638834,others,order,1.15
254472,others,disorder,1.13
634320,others,order,1.12
659574,others,order,1.1
642575,others,order,1.1
259488,others,disorder,1.04
59472,others,disorder,1
30837,others,order,0.96
53656,others,order,0.87
638705,others,order,0.87
104265,others,order,0.865
409530,others,disorder,0.84
195011,others,disorder,0.785
604720,others,disorder,0.78
602372,others,disorder,0.71
602373,others,disorder,0.65
197134,others,disorder,0.64
648840,others,disorder,0.6
623774,others,order,0.56
43244,others,disorder,0.55
102207,others,disorder,0.449
43981,others,disorder,0.44
185000,others,order,0.41
606027,others,disorder,0.385
608123,others,order,0.37
602384,others,disorder,0.32
612288,others,order,0.29
165332,others,order,0.26
670547,others,order,0.22
608019,others,disorder,0.21
634302,others,order,0.21
650522,others,order,0.19
617200,others,order,0.141
672539,others,order,0.52414
102958,others,disorder,0.13
107717,others,disorder,0.126
673897,others,order,0.091333
606036,others,order,0.0475
10035,others,order,4.45
100599,others,order,13.4
102779,others,order,0.256
102798,others,order,4.25
102802,others,order,2.66
102806,others,order,0.38
102816,others,order,0.9
103816,others,order,0.76
103902,others,order,2.87
104033,others,order,2
104303,others,order,1.2
104313,others,order,0.935
104319,others,order,4
104327,others,order,1.62
104376,others,order,3.28
104499,others,order,5.325
104602,others,order,1.635
104607,others,order,2.13
104609,others,order,4.1
104898,others,order,0.88
105157,others,order,5.62
105184,others,order,0.663333
105224,others,order,13.5
105479,others,order,1.981667
105590,others,order,2.98
105597,others,order,4.13
105602,others,order,7.2
105625,others,order,1.85
105642,others,order,4.72
105675,others,order,2.145
105891,others,order,2.2
105930,others,order,0.6
105977,others,order,0.56
106037,others,order,0.65
106076,others,order,6.6925
106121,others,order,2.133333
106157,others,order,1.161429
106218,others,order,1.08
106236,others,order,0.296667
108108,others,order,5.584
108145,others,order,6.4
108146,others,order,5.075
108148,others,order,0.35
108149,others,order,6
108608,others,order,1.97
1244,others,order,4.189
15014,others,order,1.24
15016,others,order,0.93
150516,others,order,2.23
150517,others,order,1.83
150518,others,order,4.7
15058,others,order,5.8
150755,others,order,3.746667
151402,others,order,0.925
153549,others,order,6
155044,others,order,0.0502
156465,others,order,7.61
157439,others,order,6.318
157839,others,order,1
158364,others,order,0.41
160383,others,order,4.9
16075,others,order,12.5
160797,others,order,5.17
16306,others,order,9.733333
16316,others,order,6.233333
163836,others,order,2.71
163909,others,order,4.0875
164196,others,order,0.783333
164763,others,order,2.97
165077,others,order,7.5
165617,others,order,3.9
168134,others,order,0.8825
168583,others,order,3.075
168862,others,order,1.5
168863,others,order,1
169422,others,order,2.206
170218,others,order,4.44
171030,others,order,1
173375,others,order,1.86
174267,others,order,1.875
180269,others,order,3.525
180617,others,order,2
180963,others,order,2.3
181157,others,order,2.892
181258,others,order,0.085
181396,others,order,5.083333
182834,others,order,7.2
183018,others,order,1.535
183171,others,order,1.666667
183370,others,order,3
185377,others,order,3.3
186558,others,order,3.1
187031,others,order,6.7
187693,others,order,8.2
187860,others,order,0.235
188287,others,order,7.5
190704,others,order,0.92
191273,others,order,7
191274,others,order,0.65
191430,others,order,0.343333
191902,others,order,1.56
191907,others,order,0.25
191914,others,order,3.19
192215,others,order,6.125
193616,others,order,2.9
194235,others,order,6.1
194347,others,order,1.65
195012,others,order,4.8
195017,others,order,1.835
195266,others,order,2.9
196975,others,order,3.005
197176,others,order,2.133333
197253,others,order,1.245
197258,others,order,0.46
197275,others,order,0.69
197839,others,order,11.0225
198620,others,order,15.5
200563,others,order,0.0241
230026,others,order,1.425
23005,others,order,0.66
23188,others,order,7.5
23247,others,order,5.527455
23578,others,order,9
237706,others,order,5.936667
23786,others,order,3.6
23864,others,order,0.21
241784,others,order,0.004157
246448,others,order,2.728
246507,others,order,3.27
251038,others,order,5.2
252019,others,order,3.75
253703,others,order,1.8
257264,others,order,6.09
257744,others,order,0.69
259535,others,order,4.7
259588,others,order,3.02
261651,others,order,4
262509,others,order,2.08
26251,others,order,8.5
262736,others,order,3.4
263004,others,order,4.25
263005,others,order,4.63
264386,others,order,1.533333
26573,others,order,23.2
26597,others,order,3.81
26619,others,order,0.755
27104,others,order,1.02
2734,others,order,1.85
28445,others,order,1.102857
291998,others,order,6
30526,others,order,3.5
337,others,order,1.48
35593,others,order,8.716667
36377,others,order,2
37186,others,order,2.6
391427,others,order,3
400298,others,order,9.985
407549,others,order,0.095
40760,others,order,2.7
410838,others,order,5.52
411884,others,order,0.5
412573,others,order,0.93
414303,others,order,2.225
417473,others,order,5.8
417662,others,order,6.3
418391,others,order,6.7
419206,others,order,4.3
42118,others,order,2.22375
422403,others,order,3.46
423220,others,order,8.8
424686,others,order,0.8
42549,others,order,1.15
42554,others,order,1.61
42597,others,order,1.58
426890,others,order,2.94
427113,others,order,0.785
42917,others,order,10
429727,others,order,1.7
42981,others,order,2.3
430061,others,order,0.964
430063,others,order,4.6
431754,others,order,0.46
43263,others,order,0.205
43281,others,order,1.9425
43317,others,order,0.8
43358,others,order,2.29
43662,others,order,4.75
44324,others,order,0.72
44343,others,order,3.05
44489,others,order,5.8
44655,others,order,1.2
44861,others,order,0.48
44868,others,order,4.35
44921,others,order,0.56
51974,others,order,3.2
51997,others,order,4.9
52284,others,order,1.77
52288,others,order,5.2
52303,others,order,1.43
52344,others,order,1.675
52843,others,order,0.85
53424,others,order,1.375
53801,others,order,5.016667
53891,others,order,2.12
53900,others,order,2.116667
55065,others,order,3.6
56261,others,order,2.6575
56782,others,order,6.725714
57480,others,order,3.8
57484,others,order,5.1
57505,others,order,4.4
58016,others,order,1.075
58110,others,order,5.4
58122,others,order,3.4
58149,others,order,1.85
58395,others,order,0.4
58407,others,order,0.34
58504,others,order,3.02
58582,others,order,2
58589,others,order,0.9
58634,others,order,5.745
58721,others,order,2.15
58722,others,order,2.3
58724,others,order,1.47
58794,others,order,3.575
58817,others,order,2.516667
58821,others,order,3.935
58845,others,order,1.21
58850,others,order,4.25
58854,others,order,1.966667
58900,others,order,1.6
58931,others,order,7.4775
58942,others,order,2.04
59187,others,order,2.425
59473,others,order,0.7
59484,others,order,1.04
59569,others,order,0.96
600057,others,order,2.65
600058,others,order,3.15
600059,others,order,5.1
600060,others,order,4.4
600489,others,order,3.175
600642,others,order,0.303333
600661,others,order,7.7
600676,others,order,6
600713,others,order,8.45
60072,others,order,5.7
601555,others,order,1.12
601565,others,order,6.496667
602358,others,order,1.4
602553,others,order,1.7475
602892,others,order,4
602898,others,order,3.4625
603451,others,order,1.6
603457,others,order,2.55
603458,others,order,3.5
603586,others,order,3.4
603875,others,order,0.65
604082,others,order,4.6
604606,others,order,8
606030,others,order,0.55
60646,others,order,0.46
608584,others,order,0.58
608629,others,order,1.3
608975,others,order,0.69
609200,others,order,3.35
609713,others,order,0.175
609742,others,order,0.73
610156,others,order,1.838
610989,others,order,2.353333
611190,others,order,1.15
611576,others,order,0.9
612077,others,order,1.9
612356,others,order,1.25
612672,others,order,1.8
614804,others,order,4.1125
615126,others,order,1.34
615147,others,order,1.4
615149,others,order,2.22
615346,others,order,10.95775
615364,others,order,7.27
615399,others,order,7.7
615406,others,order,1.4
615710,others,order,5.692857
615755,others,order,2.75
615870,others,order,2.4
615923,others,order,2.32
616336,others,order,2.5275
616395,others,order,2.3
616399,others,order,9.51
616410,others,order,1.35
616431,others,order,1
616438,others,order,5.21
616499,others,order,4.12
616739,others,order,2.715
616874,others,order,0.79
616879,others,order,0.73
616956,others,order,1
616957,others,order,0.96
616961,others,order,1.2
616991,others,order,1.45
617008,others,order,2.04
617101,others,order,4.898
617156,others,order,5.7
617900,others,order,3.6
617917,others,order,3.9
618127,others,order,3.1
618149,others,order,10.66
618218,others,order,3.33
618496,others,order,3.933333
618656,others,order,1.47
618840,others,order,1.63
619112,others,order,3.895429
619211,others,order,5.75
619308,others,order,1.7
619329,others,order,2.1
619356,others,order,1.6
619385,others,order,6.95
619390,others,order,13
620169,others,order,1.8
624958,others,order,4.81
625339,others,order,0.82
625483,others,order,3.44
626570,others,order,0.07
626975,others,order,0.75
628449,others,order,5.9
628767,others,order,3.794
628790,others,order,1.5325
629329,others,order,1.3
629953,others,order,1.6
632825,others,order,6.8
633446,others,order,4.57
633652,others,order,1.595
634281,others,order,1.3
634746,others,order,16.888889
634759,others,order,1.35
634779,others,order,1.54
635132,others,order,1.74
635137,others,order,2.9
635332,others,order,2.1
635402,others,order,5.8
635645,others,order,3.57
635683,others,order,3.85
636535,others,order,3.9475
636767,others,order,2.76
637137,others,order,2.1792
637142,others,order,1.65
637485,others,order,8.946667
637488,others,order,3.9
637671,others,order,2.7
637728,others,order,1.35
637839,others,order,1.3
637963,others,order,2.3
639074,others,order,1.7
639082,others,order,0.16
640011,others,order,1.5
640030,others,order,7.3
640823,others,order,8.031
640832,others,order,1.4075
640973,others,order,1.55
640980,others,order,8.311429
641017,others,order,1.675
641029,others,order,3.005
641033,others,order,2.906667
641036,others,order,1.949167
641044,others,order,2.04
641054,others,order,0.715
641056,others,order,5.016667
641065,others,order,5.7
641110,others,order,5.185
641179,others,order,1.61
641184,others,order,3.5
641204,others,order,7.365
641257,others,order,2.1
641457,others,order,6.73
641461,others,order,11.233333
641824,others,order,0.84
641938,others,order,8.326
642022,others,order,1.48
642029,others,order,4.0275
642164,others,order,2.6
642439,others,order,2.2
644106,others,order,12.45
644122,others,order,3.77
644289,others,order,12.6
644389,others,order,6.38
644398,others,order,1.402
644485,others,order,5.84
644511,others,order,2.743
645115,others,order,3.15
645173,others,order,4.25
645227,others,order,9.516429
645269,others,order,2.742333
645349,others,order,1.1
645351,others,order,8.6
645437,others,order,0.345
645473,others,order,17.846
645476,others,order,2.435
645495,others,order,2.64
645534,others,order,1.746667
646550,others,order,3.7
647804,others,order,1.1
647807,others,order,1.72
647841,others,order,0.46
647876,others,order,2.95
647919,others,order,0.85
647921,others,order,0.35
648003,others,order,4.635
648009,others,order,1.525
648037,others,order,8.496154
648282,others,order,2.76
648318,others,order,4.5
648397,others,order,2.8
648834,others,order,1.1
649057,others,order,1.32
649092,others,order,0.081
649556,others,order,2.1
649603,others,order,0.88
649646,others,order,1.57
649774,others,order,0.58
649780,others,order,1.58
649849,others,order,2.835
649860,others,order,0.82
650085,others,order,1.71
650136,others,order,1.76
650205,others,order,3.875
650212,others,order,6.366667
650269,others,order,8.405
650354,others,order,1.4
650389,others,order,4.216667
650413,others,order,6.2
65052,others,order,0.53
650529,others,order,0.65
65053,others,order,2.66
650532,others,order,1.07
650551,others,order,7.65
650601,others,order,2.09
650661,others,order,1.1
650662,others,order,3.51
650738,others,order,1.07
650786,others,order,2.053333
651405,others,order,1.9
651601,others,order,0.72
651684,others,order,5.611667
651785,others,order,1.5
651832,others,order,10.9
651959,others,order,2.1
652176,others,order,3.25
652301,others,order,0.1725
652552,others,order,2.84
652831,others,order,4.4625
653041,others,order,7.6
653336,others,order,1.52
653749,others,order,3.45
656306,others,order,1.9
65652,others,order,2.75
657339,others,order,0.58
658326,others,order,0.37
658854,others,order,0.75
659684,others,order,3.3
659960,others,order,3.01
659992,others,order,1.55
66771,others,order,3.4
670639,others,order,4.75
670654,others,order,1.68
670698,others,order,5.6
670727,others,order,0.71
670749,others,order,9.85
670941,others,order,4.75
671039,others,order,0.650333
671042,others,order,0.501
671192,others,order,8.593333
671241,others,order,22.6
671242,others,order,10.5
671418,others,order,3.35
671673,others,order,0.906667
671819,others,order,4.5975
672014,others,order,6.91125
672121,others,order,0.39
672132,others,order,1.306667
672137,others,order,3.055
672464,others,order,6.666666667
672491,others,order,1
672546,others,order,0.17
672715,others,order,1.27
672758,others,order,1.55
672813,others,order,0.795
672890,others,order,4.28
673097,others,order,2.25
673464,others,order,2.925
673848,others,order,2.1
673850,others,order,1
673853,others,order,13.9
673904,others,order,4.2
674033,others,order,1.425
674044,others,order,5.7
674394,others,order,2.89
674395,others,order,1.5975
674718,others,order,3.835
674882,others,order,3.755
674894,others,order,0.8508
675032,others,order,10.2
675364,others,order,1.975
67581,others,order,1.585
676068,others,order,1.55
68028,others,order,0.39
68444,others,order,0.066
69004,others,order,4.3
70020,others,order,0.30475
70062,others,order,7
71217,others,order,4.38
73331,others,order,2.7
74641,others,order,0.135
74704,others,order,3.695
76162,others,order,3.5375
76293,others,order,2.6
76344,others,order,3.8
76559,others,order,7.7
76560,others,order,1.38
76567,others,order,3.81
76622,others,order,4.7
76625,others,order,0.4
77109,others,order,1.25
77792,others,order,1.315
77805,others,order,2
77862,others,order,0.61
78871,others,order,5.05
78969,others,order,4.5
79574,others,order,23
80091,others,order,0.9
81745,others,order,0.99
82072,others,order,0.39
82529,others,order,3.9
85406,others,order,1.415
85408,others,order,2.686667
86764,others,order,2.308333
88075,others,order,2.35
88210,others,order,6
90433,others,order,1.24
90703,others,order,1.475
92576,others,order,0.24
93906,others,order,1.2
94194,others,order,1.5
96228,others,order,0.6
990,others,order,0.6
164065,iron-based,disorder,51.45
161279,iron-based,disorder,50.5
181533,iron-based,disorder,40.85
193980,iron-based,disorder,40.45
189035,iron-based,disorder,38
189034,iron-based,disorder,36.85
186445,iron-based,disorder,33.65
192306,iron-based,disorder,32.8
193610,iron-based,disorder,30.25
193597,iron-based,disorder,30.1
192307,iron-based,disorder,28.7
189277,iron-based,disorder,28.475
184646,iron-based,disorder,26
182331,iron-based,disorder,22
241438,iron-based,disorder,21.666667
261396,iron-based,disorder,16
191248,iron-based,disorder,15
167966,iron-based,disorder,14.8
248697,iron-based,disorder,13.7
169971,iron-based,disorder,13.3
169556,iron-based,disorder,7.1
180104,iron-based,disorder,6
162724,iron-based,order,5.458571
168586,iron-based,order,17
189036,iron-based,order,2.9965
242164,iron-based,order,1.983333
247248,iron-based,order,4.965
252344,iron-based,order,35
263018,iron-based,order,20.125
290595,iron-based,order,11
290700,iron-based,order,16.475
74877,iron-based,order,2.08
80200,iron-based,order,3.586667
80202,iron-based,order,2.5
246434,heavy-Fermion,disorder,10.8
640787,heavy-Fermion,disorder,7.915
613771,heavy-Fermion,disorder,7.37
130023,heavy-Fermion,disorder,6.9
263006,heavy-Fermion,order,6.78
67406,heavy-Fermion,disorder,6.59
641011,heavy-Fermion,disorder,6.5
603209,heavy-Fermion,order,6.2
614504,heavy-Fermion,disorder,6.14
168817,heavy-Fermion,order,4.95
613642,heavy-Fermion,disorder,4.64
104536,heavy-Fermion,disorder,4.41
183119,heavy-Fermion,disorder,4.15
192296,heavy-Fermion,disorder,3.833333
82070,heavy-Fermion,disorder,3.74
103677,heavy-Fermion,order,3.88875
105697,heavy-Fermion,disorder,3.06
616773,heavy-Fermion,disorder,2.5
616772,heavy-Fermion,disorder,2.3
641557,heavy-Fermion,disorder,2.285
192249,heavy-Fermion,disorder,2.1
44425,heavy-Fermion,order,2.09
57072,heavy-Fermion,order,1.976667
104695,heavy-Fermion,disorder,1.75
643172,heavy-Fermion,disorder,1.6
104725,heavy-Fermion,disorder,1.5
104556,heavy-Fermion,disorder,1.45
51958,heavy-Fermion,disorder,1.19
104693,heavy-Fermion,disorder,1.18
108566,heavy-Fermion,disorder,1.03
30838,heavy-Fermion,order,0.75
671258,heavy-Fermion,order,0.7
184388,heavy-Fermion,order,0.5995
58535,heavy-Fermion,order,0.185
641913,heavy-Fermion,disorder,0.13
100785,heavy-Fermion,order,7.316
102108,heavy-Fermion,order,2.037308
102109,heavy-Fermion,order,0.4
102811,heavy-Fermion,order,0.67
103659,heavy-Fermion,order,2.25
103766,heavy-Fermion,order,0.575
104484,heavy-Fermion,order,0.24
104690,heavy-Fermion,order,7.575
104709,heavy-Fermion,order,1.85
104735,heavy-Fermion,order,1.04
104817,heavy-Fermion,order,3.05
105406,heavy-Fermion,order,1.975
105500,heavy-Fermion,order,0.85
105632,heavy-Fermion,order,5.55
105717,heavy-Fermion,order,0.75
106009,heavy-Fermion,order,0.0725
106082,heavy-Fermion,order,3.33
106159,heavy-Fermion,order,0.87
106849,heavy-Fermion,order,0.216667
107019,heavy-Fermion,order,9.61
108323,heavy-Fermion,order,2.358
110778,heavy-Fermion,order,1.652222
150225,heavy-Fermion,order,0.770429
150541,heavy-Fermion,order,0.44
150740,heavy-Fermion,order,3.68
150742,heavy-Fermion,order,6.11
150819,heavy-Fermion,order,0.37
153662,heavy-Fermion,order,4.425
156997,heavy-Fermion,order,0.48
156998,heavy-Fermion,order,2.065
157584,heavy-Fermion,order,6
161758,heavy-Fermion,order,1.3
161868,heavy-Fermion,order,0.805
164574,heavy-Fermion,order,9.659
165970,heavy-Fermion,order,2.05
167533,heavy-Fermion,order,0.08
170775,heavy-Fermion,order,1.05
172793,heavy-Fermion,order,2.425
174552,heavy-Fermion,order,8.253333
174554,heavy-Fermion,order,7.876
174555,heavy-Fermion,order,0.7
183085,heavy-Fermion,order,0.80775
189724,heavy-Fermion,order,1.3
189911,heavy-Fermion,order,4.71
190485,heavy-Fermion,order,3.1
191970,heavy-Fermion,order,0.394
192620,heavy-Fermion,order,0.32
193321,heavy-Fermion,order,2.1
193887,heavy-Fermion,order,2.5
193890,heavy-Fermion,order,3.1
197493,heavy-Fermion,order,3.3
197927,heavy-Fermion,order,1.17
198006,heavy-Fermion,order,1.6
198654,heavy-Fermion,order,2.051667
198657,heavy-Fermion,order,1.231538
198663,heavy-Fermion,order,0.67
198771,heavy-Fermion,order,1.1125
230025,heavy-Fermion,order,1.9
236258,heavy-Fermion,order,0.19
236263,heavy-Fermion,order,0.029667
236470,heavy-Fermion,order,1.175
236950,heavy-Fermion,order,7
236995,heavy-Fermion,order,0.55
242099,heavy-Fermion,order,0.435
246415,heavy-Fermion,order,2.493333
246810,heavy-Fermion,order,6.7
24703,heavy-Fermion,order,0.37
247662,heavy-Fermion,order,2.6
247832,heavy-Fermion,order,5.492222
247864,heavy-Fermion,order,0.69
248481,heavy-Fermion,order,0.9
260033,heavy-Fermion,order,1.4
261871,heavy-Fermion,order,5.4
26570,heavy-Fermion,order,2.41
38342,heavy-Fermion,order,1.473333
391192,heavy-Fermion,order,13.0325
404168,heavy-Fermion,order,6
40427,heavy-Fermion,order,4.4
40795,heavy-Fermion,order,3.933333
414514,heavy-Fermion,order,5.3
415594,heavy-Fermion,order,1.916667
416423,heavy-Fermion,order,0.48
417472,heavy-Fermion,order,3.15
423134,heavy-Fermion,order,2.65
423290,heavy-Fermion,order,3.025
431419,heavy-Fermion,order,2.4
44422,heavy-Fermion,order,1.65
44440,heavy-Fermion,order,2
44574,heavy-Fermion,order,1.79
51969,heavy-Fermion,order,0.24
52898,heavy-Fermion,order,1.25
53661,heavy-Fermion,order,0.37
53884,heavy-Fermion,order,1.1
53895,heavy-Fermion,order,1.1
56051,heavy-Fermion,order,0.99
56645,heavy-Fermion,order,0.05
56649,heavy-Fermion,order,5.033571
57248,heavy-Fermion,order,0.465
57486,heavy-Fermion,order,1.1
58185,heavy-Fermion,order,0.75
58602,heavy-Fermion,order,3.365
58747,heavy-Fermion,order,0.917755
601099,heavy-Fermion,order,2.6
601533,heavy-Fermion,order,0.7
601574,heavy-Fermion,order,5.323333
601577,heavy-Fermion,order,2.6475
601623,heavy-Fermion,order,0.39
602887,heavy-Fermion,order,0.23
603036,heavy-Fermion,order,2.55
603067,heavy-Fermion,order,0.14
603189,heavy-Fermion,order,4.226667
603198,heavy-Fermion,order,5.82
603982,heavy-Fermion,order,1.1
604343,heavy-Fermion,order,0.97
604422,heavy-Fermion,order,7.833333
604623,heavy-Fermion,order,1.658
604624,heavy-Fermion,order,2.245
605927,heavy-Fermion,order,2.225
608265,heavy-Fermion,order,3.23
608280,heavy-Fermion,order,5.986667
609498,heavy-Fermion,order,0.045
609502,heavy-Fermion,order,2.6
609676,heavy-Fermion,order,0.94
610771,heavy-Fermion,order,6.5
610776,heavy-Fermion,order,3.2
610778,heavy-Fermion,order,10.3
611222,heavy-Fermion,order,2.3825
612635,heavy-Fermion,order,1.2
612852,heavy-Fermion,order,0.55
614648,heavy-Fermion,order,2.57
614694,heavy-Fermion,order,4.655
614695,heavy-Fermion,order,2.66
614703,heavy-Fermion,order,10.093625
614715,heavy-Fermion,order,10.054
614933,heavy-Fermion,order,3
615326,heavy-Fermion,order,4.448
616759,heavy-Fermion,order,0.155
616760,heavy-Fermion,order,0.64
616761,heavy-Fermion,order,0.76
620734,heavy-Fermion,order,0.676667
620856,heavy-Fermion,order,1.32
620930,heavy-Fermion,order,0.6497
621363,heavy-Fermion,order,0.13
621428,heavy-Fermion,order,1.53
621843,heavy-Fermion,order,0.421
621952,heavy-Fermion,order,0.356667
621955,heavy-Fermion,order,0.914
621980,heavy-Fermion,order,5.998273
624053,heavy-Fermion,order,0.175
625310,heavy-Fermion,order,2.5
625427,heavy-Fermion,order,1.815
625521,heavy-Fermion,order,1.7
628214,heavy-Fermion,order,0.021
629361,heavy-Fermion,order,0.2
629373,heavy-Fermion,order,3.465
629705,heavy-Fermion,order,2.95
633602,heavy-Fermion,order,1.3825
633908,heavy-Fermion,order,2.016667
634508,heavy-Fermion,order,1.97
635498,heavy-Fermion,order,2.5
636699,heavy-Fermion,order,1.5
636714,heavy-Fermion,order,2.55
636745,heavy-Fermion,order,1.51
636754,heavy-Fermion,order,1.1
636821,heavy-Fermion,order,0.345
636837,heavy-Fermion,order,3.4
636927,heavy-Fermion,order,3.6
636932,heavy-Fermion,order,2.3
636934,heavy-Fermion,order,2.79
636939,heavy-Fermion,order,2.3
637475,heavy-Fermion,order,1.1
637658,heavy-Fermion,order,1.1
637720,heavy-Fermion,order,0.244
637761,heavy-Fermion,order,1.1
640737,heavy-Fermion,order,2.33
640740,heavy-Fermion,order,2.13
640758,heavy-Fermion,order,2.3
640764,heavy-Fermion,order,1.198333
640781,heavy-Fermion,order,2.47
640790,heavy-Fermion,order,3.82
641013,heavy-Fermion,order,2.215
641018,heavy-Fermion,order,0.95
641026,heavy-Fermion,order,1.1
641095,heavy-Fermion,order,3.93
641096,heavy-Fermion,order,1.52
641498,heavy-Fermion,order,3.6
641512,heavy-Fermion,order,2.1
641591,heavy-Fermion,order,0.59
641615,heavy-Fermion,order,0.9
641633,heavy-Fermion,order,6.923333
641647,heavy-Fermion,order,4.086667
641650,heavy-Fermion,order,2.2
641661,heavy-Fermion,order,1.48
641702,heavy-Fermion,order,0.23
641715,heavy-Fermion,order,1.4325
641749,heavy-Fermion,order,4.35
641764,heavy-Fermion,order,4.875
641768,heavy-Fermion,order,1.835
641777,heavy-Fermion,order,3.7032
641780,heavy-Fermion,order,2.35
641783,heavy-Fermion,order,3.293333
641785,heavy-Fermion,order,3.5
641899,heavy-Fermion,order,0.8
641905,heavy-Fermion,order,0.25
641991,heavy-Fermion,order,6.358286
642070,heavy-Fermion,order,1.566667
642071,heavy-Fermion,order,8.905
642481,heavy-Fermion,order,3.49
642540,heavy-Fermion,order,1.7
642550,heavy-Fermion,order,3.72
642558,heavy-Fermion,order,1.545
642559,heavy-Fermion,order,2.4
642618,heavy-Fermion,order,9.9
643855,heavy-Fermion,order,2.4525
646714,heavy-Fermion,order,1.6
647731,heavy-Fermion,order,1.60125
647834,heavy-Fermion,order,1.51
647956,heavy-Fermion,order,1.8
648956,heavy-Fermion,order,2.39
649242,heavy-Fermion,order,0.945
649630,heavy-Fermion,order,1.1
649758,heavy-Fermion,order,0.49
650166,heavy-Fermion,order,5.025
650332,heavy-Fermion,order,1.1
650397,heavy-Fermion,order,1.9
650458,heavy-Fermion,order,2.15
650471,heavy-Fermion,order,0.36
650642,heavy-Fermion,order,1.1
650643,heavy-Fermion,order,3.98
651750,heavy-Fermion,order,1.3
656946,heavy-Fermion,order,2.59
657383,heavy-Fermion,order,3.6
657574,heavy-Fermion,order,1.864
658208,heavy-Fermion,order,1
658217,heavy-Fermion,order,2.7
658225,heavy-Fermion,order,0.9
658347,heavy-Fermion,order,1.17
659009,heavy-Fermion,order,6.966667
659011,heavy-Fermion,order,6.6
659142,heavy-Fermion,order,1.021
670737,heavy-Fermion,order,6
671240,heavy-Fermion,order,10.25
671243,heavy-Fermion,order,15.880667
671505,heavy-Fermion,order,0.75
671587,heavy-Fermion,order,1.073333
672003,heavy-Fermion,order,3.6
676102,heavy-Fermion,order,0.669222
75610,heavy-Fermion,order,2.786667
77899,heavy-Fermion,order,1.1
77939,heavy-Fermion,order,1.96
78264,heavy-Fermion,order,1.23
79575,heavy-Fermion,order,7.532353
81760,heavy-Fermion,order,1.04
99244,heavy-Fermion,order,3.34
97102,cuprate,disorder,134
80716,cuprate,disorder,127
66051,cuprate,disorder,108
74167,cuprate,disorder,105.2
291054,cuprate,disorder,97
65923,cuprate,disorder,93
65423,cuprate,disorder,93
78456,cuprate,disorder,92.45
74122,cuprate,disorder,92.3
81176,cuprate,order,92.033333
81174,cuprate,order,92.475
99286,cuprate,disorder,91.1
71730,cuprate,disorder,90
65879,cuprate,disorder,88
75813,cuprate,disorder,87.357143
69264,cuprate,disorder,87
87093,cuprate,disorder,86
72230,cuprate,disorder,86
72213,cuprate,disorder,85
89198,cuprate,disorder,79.9
181819,cuprate,disorder,78
74132,cuprate,disorder,76
99288,cuprate,disorder,75
83092,cuprate,disorder,70
74684,cuprate,disorder,71
75743,cuprate,disorder,68
82696,cuprate,disorder,61
81160,cuprate,disorder,60
83088,cuprate,disorder,55
67854,cuprate,disorder,54
74271,cuprate,disorder,53.5
96010,cuprate,disorder,53
81178,cuprate,disorder,51.7
75717,cuprate,disorder,50.5
74155,cuprate,disorder,47
73485,cuprate,disorder,45.2
183514,cuprate,disorder,45
151637,cuprate,disorder,45
56599,cuprate,disorder,44.333333
83054,cuprate,disorder,41.5
80278,cuprate,disorder,38
75718,cuprate,disorder,37.875
67105,cuprate,disorder,37.6
151663,cuprate,disorder,36.3
69936,cuprate,disorder,32
74114,cuprate,disorder,32
79061,cuprate,disorder,30
74270,cuprate,disorder,30
75694,cuprate,disorder,30
185432,cuprate,disorder,28
72265,cuprate,disorder,22.1
72266,cuprate,disorder,25
72267,cuprate,disorder,23.5
87288,cuprate,disorder,22.1
65919,cuprate,disorder,20
72248,cuprate,disorder,18.057143
69481,cuprate,disorder,8.8
72249,cuprate,disorder,7.75
161972,cuprate,order,88.24
67128,cuprate,order,80.8
67637,cuprate,order,74.466667
68188,cuprate,order,88.25
68584,cuprate,order,118.975
75688,cuprate,order,76.2
78622,cuprate,order,79.42
81177,cuprate,order,90.833333
K1H6,h_based,order,69.8
Be1H2,h_based,order,62
H6Sr1,h_based,order,156
H4Y1,h_based,order,95
H6La1,h_based,order,170
H9Y1,h_based,order,250
H1Zr1,h_based,order,11
H2Nb1,h_based,order,4
Cr1H3,h_based,order,28.2
H3Tc1,h_based,order,9.94
H2Tc1,h_based,order,8.61
Fe1H6,h_based,order,42.9
Fe1H5,h_based,order,45.8
B1H3,h_based,order,125
Ge1H8,h_based,order,90
H4Nb1,h_based,order,47
H8Sn1,h_based,order,72
H12Sn1,h_based,order,93
H14Sn1,h_based,order,97
Bi1H4,h_based,order,93
H1Se2,h_based,order,5
H5Te2,h_based,order,58
H2Ti1,h_based,order,7
H2Ta1,h_based,order,7.1
H4Ta1,h_based,order,31
H6Ta1,h_based,order,135.8
Cr1H1,h_based,order,10.6
H3Ru1,h_based,order,3.57
H1Pd1,h_based,order,5
Ge1H4,h_based,order,57
H4Sn1,h_based,order,62
Bi1H2,h_based,order,39
Bi1H3,h_based,order,65
H3Sb1,h_based,order,68
Bi1H6,h_based,order,113
H4Te1,h_based,order,104
Ge3H11,h_based,order,43
Hf1H2,h_based,order,12
In1H3,h_based,order,40.5
In1H5,h_based,order,27.1
La1Y3H24,h_based,order,145
Os1H1,h_based,order,2.1
Po1H4,h_based,order,53.6
Sc1H9,h_based,order,180
Sc1H12,h_based,order,141
Th1H9,h_based,order,145
Y1H6,h_based,order,290
H3S1,h_based,order,203
H3Sc1,h_based,order,1
Bi1H1,h_based,order,30
H1Po1,h_based,order,0.65
H2V1,h_based,order,0.5
H1Ru1,h_based,order,0.41
H2Sc1,h_based,order,4
B1H1,h_based,order,21.4
Ge1H3,h_based,order,90
H1Te1,h_based,order,44.2
H7Sc1,h_based,order,169
Ce1H9,h_based,order,117
H9La1,h_based,order,30
H2S1,h_based,order,86
Tb1H10,h_based,order,277.8
Ca1Y1H12,h_based,order,258
Ca1H6,h_based,order,235
Tb1H9,h_based,order,226.3
Hf1H10,h_based,order,224
Zr1H10,h_based,order,220
Tb1H12,h_based,order,170.5
Li1P2H14,h_based,order,169
Tb1H6,h_based,order,148.3
Sc1H6,h_based,order,129
H3Se1,h_based,order,110
Pb1H8,h_based,order,107
Sc1H4,h_based,order,98
Y1S1H6,h_based,order,91
Tb1H5,h_based,order,79.3
Mg1Ge1H6,h_based,order,67
Mg1Si1H6,h_based,order,63
N1S1H5,h_based,order,49.9
N1S2H7,h_based,order,46.4
Ba1C3H12,h_based,order,43.7
Tb1H4,h_based,order,41.3
H1Se1,h_based,order,40
La1S1H6,h_based,order,35
H2I1,h_based,order,33
Sc1Y1H6,h_based,order,32.11
Mg1V1H6,h_based,order,27.6
H1Br1,h_based,order,30
Tb1H3,h_based,order,20
H1Cl1,h_based,order,20
H4I1,h_based,order,17.5
Ba1C2H8,h_based,order,16.2
Zr1H3,h_based,order,11.7
Li1B1H2,h_based,order,10
Tb1H2,h_based,order,8.06
Tb1H1,h_based,order,7.3
Li1Au1H1,h_based,order,4.69
N2S1H8,h_based,order,4
Zr4H15,h_based,order,4
Li6Au1H1,h_based,order,2.79
Li1Au2H1,h_based,order,0.06
Li2Au2H1,h_based,order,0.02
La1H10,h_based,order,254
100193,others,disorder,1.12
102028,others,disorder,0.138
627675,others,disorder,0.084
103963,others,disorder,10.5
104166,others,disorder,0.1
104276,others,disorder,10.45
104280,others,disorder,8.8
104300,others,order,3.81
104438,others,disorder,4.06
104509,others,disorder,4.75
640895,heavy-Fermion,disorder,3.61
104567,others,disorder,0.067
104729,others,disorder,5.15
105074,others,disorder,4.56
105079,others,disorder,10
105080,others,disorder,11.633333
105102,others,disorder,12
105197,others,disorder,1.98
105206,others,disorder,2.5
647009,heavy-Fermion,order,0.54
105579,others,disorder,1.5
648942,heavy-Fermion,order,2.82
105702,others,disorder,4.03
105723,others,disorder,4.71
105983,others,disorder,5.95
106124,others,disorder,5.28
106145,others,disorder,10.99
106148,others,disorder,10.4
106190,others,disorder,1.36
107988,others,disorder,0.0682
108016,others,disorder,1.99
108341,others,disorder,4.83
108628,others,disorder,0.6
108755,others,disorder,3.3
151668,cuprate,disorder,34.575
151669,cuprate,disorder,29.8
151672,cuprate,disorder,12.9
153904,cuprate,disorder,21.2325
290510,cuprate,disorder,84.1
157552,cuprate,disorder,22
15790,others,disorder,10.05
160315,others,disorder,4.126667
160627,cuprate,disorder,14
161789,iron-based,disorder,7.4
161913,others,disorder,38.4
161914,others,disorder,38.25
161915,others,disorder,36.916667
161916,others,disorder,35.3
161917,others,disorder,35.6
161918,others,disorder,30.15
161919,others,disorder,28.5
161920,others,disorder,29.9
162823,iron-based,disorder,27.6
163548,iron-based,disorder,32.6
184639,iron-based,disorder,13.225
165983,iron-based,disorder,6.99
168766,iron-based,disorder,11.9
168767,iron-based,disorder,12.7
168773,iron-based,disorder,13.6
168770,iron-based,disorder,11
262809,cuprate,order,91.7375
169743,iron-based,disorder,20.8
1717,others,disorder,2
173902,cuprate,disorder,82
173908,cuprate,disorder,69
173918,cuprate,disorder,61.966667
180544,iron-based,disorder,10
180604,iron-based,disorder,10
180606,iron-based,disorder,7.36625
180607,iron-based,disorder,7.28
181435,iron-based,disorder,2.565
181436,iron-based,disorder,13.3
181437,iron-based,disorder,15.966667
181438,iron-based,disorder,14.3
181439,iron-based,disorder,10.875
181440,iron-based,disorder,5.8
181441,iron-based,disorder,1.895
181442,iron-based,disorder,7.5
181444,iron-based,disorder,6
182595,others,disorder,11.23
184218,iron-based,disorder,20.05
184634,iron-based,disorder,6.7
184635,iron-based,disorder,11.5
184636,iron-based,disorder,10.033333
184638,iron-based,disorder,12.9
184640,iron-based,disorder,14.333333
184641,iron-based,disorder,14.1
184647,iron-based,disorder,25.061538
184666,cuprate,disorder,30
185467,others,disorder,14.3
638107,others,order,6.86
186391,others,disorder,36.466667
186392,others,disorder,34.3
186393,others,disorder,31.5
671447,others,disorder,28.71
196332,others,order,8.1425
186653,iron-based,disorder,8.58
186654,iron-based,disorder,12.01
186655,iron-based,disorder,12.66
186656,iron-based,disorder,11.02
186657,iron-based,disorder,6.6
186658,iron-based,disorder,3
189025,iron-based,disorder,3.5
189028,iron-based,disorder,10
189030,iron-based,disorder,18
189031,iron-based,disorder,23.5
189032,iron-based,disorder,26
189033,iron-based,disorder,28.45
191041,iron-based,disorder,5
191042,iron-based,disorder,5
191388,others,disorder,6.07
191389,others,disorder,5.88
191390,others,disorder,5.41
191391,others,disorder,4.89
191392,others,disorder,4.39
192129,others,disorder,5.2
192298,iron-based,disorder,5.3
192303,iron-based,disorder,11.8
192304,iron-based,disorder,23.8
192305,iron-based,disorder,33.85
192308,iron-based,disorder,24.2
196272,cuprate,disorder,81.8
196575,others,disorder,9.8
196836,others,disorder,2.7
196888,others,disorder,12.7
196889,others,disorder,11.673
196898,others,disorder,14.6
196983,others,disorder,6.75
197020,others,disorder,13.6
197757,others,disorder,3.5
198210,others,disorder,0.0164
202873,cuprate,disorder,50
203119,cuprate,disorder,44.7
203120,cuprate,disorder,47.5
236296,others,disorder,12
237005,others,disorder,2.95
237698,heavy-Fermion,disorder,1.87
24046,others,disorder,1.98
246431,heavy-Fermion,order,9.465833
246432,heavy-Fermion,disorder,3.1
246433,heavy-Fermion,disorder,7.1
246536,others,disorder,37.95
247282,iron-based,disorder,6
247616,iron-based,disorder,14.8
259577,cuprate,disorder,13.975
259578,cuprate,disorder,3.2005
259579,cuprate,disorder,2.1
261544,others,disorder,19
261841,others,disorder,16.533333
291424,iron-based,disorder,21
659391,others,disorder,4.655
291692,others,disorder,6.72
291694,others,disorder,5.245
291695,others,disorder,5.57
291697,others,disorder,6.415
291699,others,disorder,5.79
291808,others,disorder,8.5
291809,others,disorder,17.6
291811,others,disorder,17.75
40515,others,disorder,20
409466,others,disorder,2.91
41986,cuprate,disorder,41.45
41363,cuprate,disorder,92
63403,cuprate,disorder,78.2
41498,cuprate,disorder,43
41639,cuprate,disorder,95.16
41654,cuprate,disorder,101
421388,others,disorder,29
96778,cuprate,disorder,89.5125
50096,cuprate,disorder,94.2
52462,others,disorder,9.7
609356,others,disorder,15.7
57853,others,disorder,18.5
605379,others,disorder,0.0074
612025,others,disorder,0.28
58501,others,disorder,2.3
612203,others,order,9.226364
59466,others,disorder,4.435
640555,others,disorder,3.625
640562,others,disorder,5.95
59556,others,disorder,3.12
59560,others,disorder,3.223
606021,others,disorder,0.088
606040,others,disorder,0.101
606044,others,disorder,0.0555
609358,others,disorder,16.1
611658,others,disorder,10.1
611863,others,disorder,0.264
611870,others,disorder,0.168
612010,others,disorder,0.0238
616530,others,disorder,9.35
616698,others,disorder,5.05
616896,others,disorder,8.15
617561,others,disorder,12.4
617689,others,disorder,8.2
617983,others,disorder,10.6
618108,others,disorder,5.4
618369,others,disorder,13.8
618514,others,disorder,10.8
618750,others,disorder,11.2
618775,others,disorder,6.7
618809,others,disorder,10.2
618965,others,disorder,10.7
619086,others,disorder,11.5
619102,others,disorder,14.5
619128,others,disorder,13
625996,heavy-Fermion,disorder,3.3
63326,cuprate,disorder,91.65
63336,cuprate,disorder,89.025
634056,others,disorder,4.49
63428,cuprate,disorder,67.4
635420,others,disorder,11.9
635421,others,disorder,8.7
63692,cuprate,disorder,59.626
637920,others,disorder,8.7
640018,others,disorder,3.32
640828,others,disorder,4.675
645148,others,disorder,2.86
645243,others,disorder,2.43
645246,others,disorder,6.75
645263,others,disorder,3
67342,cuprate,disorder,90
647720,others,order,5.3525
648638,others,disorder,6.73
648639,others,disorder,5.8
650143,others,disorder,1.58
651574,others,disorder,3.89
653019,others,disorder,8.7
65921,cuprate,disorder,45
653267,others,disorder,6.29
653269,others,disorder,2.58
653292,others,disorder,12.8
65387,cuprate,disorder,91
65395,cuprate,disorder,91.8
65865,cuprate,disorder,30
65913,cuprate,disorder,36
66497,cuprate,disorder,67.1
74246,cuprate,disorder,59.533333
67081,cuprate,disorder,34.3
75893,cuprate,disorder,88.65
671448,others,disorder,30.2
67426,cuprate,order,7.38
674810,others,disorder,2.4
67636,cuprate,disorder,77.7
67712,cuprate,disorder,40
67810,others,disorder,3.93
67871,cuprate,disorder,14.4
68055,cuprate,disorder,69
68893,cuprate,disorder,30
69287,cuprate,disorder,32
69484,cuprate,disorder,12.8
71731,cuprate,disorder,90
72260,others,disorder,0.56
75716,cuprate,disorder,55.25
72618,others,disorder,2
78453,cuprate,disorder,91
74110,cuprate,disorder,26.9
74111,cuprate,disorder,14
74166,cuprate,disorder,84.5
89194,cuprate,disorder,45.4
74257,cuprate,disorder,86.25
75714,cuprate,disorder,66.785714
74401,cuprate,disorder,60.55
83923,cuprate,disorder,72.025
75715,cuprate,disorder,63.666667
75780,cuprate,disorder,22
75859,cuprate,disorder,51
75860,cuprate,disorder,46
78216,cuprate,disorder,18.266667
78621,cuprate,order,78.8
78626,cuprate,disorder,87
78635,cuprate,disorder,30.04
79037,cuprate,disorder,12
80277,cuprate,disorder,27
80720,cuprate,disorder,133
81186,cuprate,disorder,28.6
82335,others,disorder,7.2
97066,cuprate,disorder,90.575
82833,cuprate,disorder,88.2
82836,cuprate,disorder,81.1
83070,cuprate,disorder,32
83140,cuprate,disorder,78.2
83211,cuprate,disorder,21.9
83921,cuprate,disorder,78
92384,cuprate,disorder,29.6
92385,cuprate,disorder,15.6
85259,cuprate,disorder,37.8
85391,cuprate,disorder,59
85394,cuprate,disorder,88.85
85393,cuprate,disorder,64.5
85396,cuprate,disorder,78
86967,cuprate,disorder,15
86969,cuprate,disorder,24
87976,cuprate,disorder,25
89182,cuprate,disorder,71.6
89167,cuprate,disorder,79.05
89169,cuprate,disorder,57.45
89170,cuprate,disorder,32.2
89171,cuprate,disorder,0.3
89181,cuprate,disorder,4.96
92378,cuprate,disorder,30.675
92882,cuprate,disorder,35
92883,cuprate,disorder,37.5
96674,cuprate,disorder,64.9
97210,cuprate,disorder,30
97211,cuprate,disorder,28.5
97212,cuprate,disorder,27
97213,cuprate,disorder,23.5
97214,cuprate,disorder,2.05
97219,cuprate,disorder,32
97220,cuprate,disorder,31.7
97221,cuprate,disorder,31.1
97222,cuprate,disorder,30
99282,cuprate,disorder,49.9
99287,cuprate,disorder,86
99289,cuprate,disorder,66.9
Pu1Co1Ga5,others,order,18.5
